iso3,country,year,F1_institutional,F2_macro,F3_openness,F4_energy,F5_security,F6_human_capital,F7_financial,fdi_pct_gdp,fdi_usd,cici_score,cici_rank
SAU,Saudi Arabia,2000,47.9165402354194,58.67032054741275,33.010532372247724,84.22806833360065,47.2281481014341,43.7156408647829,19.828344562574785,-0.9925690992161,-1881066666.66666,49.87,9
SAU,Saudi Arabia,2001,48.14430428901919,55.32080037110192,30.24690454195261,77.75271685489781,31.154983392835096,28.78515413774117,19.828344562574785,0.0106659367777141,19640000.0,45.19,10
SAU,Saudi Arabia,2002,48.37206834261898,54.230033270081755,30.866257153757076,76.02086508547822,44.752895519166,28.06708580716074,19.828344562574785,-0.323899963714203,-614133333.333333,46.68,10
SAU,Saudi Arabia,2003,48.14016684453431,60.96740217796556,34.009404826030995,80.49686255690705,50.84039832200214,27.912172588634505,19.828344562574785,-0.271772775519938,-586506666.666666,49.76,8
SAU,Saudi Arabia,2004,45.2286850651351,61.55827927307531,37.16052840180772,84.99315676247926,43.402674156431125,46.671767854467745,19.828344562574785,-0.129209725410009,-334320000.0,50.25,9
SAU,Saudi Arabia,2005,47.203875130621846,60.8552399323549,41.28343422187929,90.0553899331376,48.798951326735256,28.22017651723373,19.828344562574785,1.33515850333851,4385456396.44642,52.35,8
SAU,Saudi Arabia,2006,48.584521078841014,59.31369688163985,46.077940142658385,90.71571825207836,48.487229744907346,28.74323644331643,19.828344562574785,1.58553602335569,5975887388.89812,53.6,8
SAU,Saudi Arabia,2007,50.000695840575155,58.54702808708456,49.02928373945461,88.88388235146486,46.86351327825776,29.293633996197883,19.828344562574785,1.48457884530209,6175321114.57165,53.99,8
SAU,Saudi Arabia,2008,52.67464395833696,61.535757720270944,49.772901269671074,94.13981899547214,51.835743932756,30.179373104477296,19.828344562574785,1.05925699592349,5505983968.58641,56.76,7
SAU,Saudi Arabia,2009,49.44150308565525,55.76366727888678,43.0260621727827,78.69601212067315,41.53657542480474,30.994034383079978,19.828344562574785,0.10169038708409,436351281.582906,49.91,10
SAU,Saudi Arabia,2010,54.110315673283566,61.588129433645555,41.64081373495688,81.19145769238068,48.51149038503949,34.35473997087267,17.858572549730717,0.923670092367435,4878894395.25169,52.89,8
SAU,Saudi Arabia,2011,52.243799213632144,68.1005750253366,42.72670600100234,90.27256049408224,50.99394921472429,37.89769640399034,13.284166617500798,0.688133631504519,4683855881.26771,55.18,7
SAU,Saudi Arabia,2012,50.77567225263334,65.28977643453764,41.15539074604265,88.90645809545856,48.84775291407468,41.58827602182126,13.249478012762728,0.669626013751334,5035060850.94588,53.71,8
SAU,Saudi Arabia,2013,50.014970980951205,62.8807601901736,40.26184931182039,86.52408356017872,44.26150957226929,68.08518042512227,16.20443408189335,0.437984195574321,3371408456.52722,53.19,7
SAU,Saudi Arabia,2014,50.12558538522689,63.87023291394356,38.91096196348708,83.16084064849537,42.16591768015248,47.08131649991625,16.38048191742604,0.191711517264834,1509063087.30334,51.5,8
SAU,Saudi Arabia,2015,52.41552915406431,62.711370355130974,32.373799572486845,69.937993082357,40.7323831821083,49.52347782727103,16.2061980792282,0.572622097928938,3970644084.62136,48.27,9
SAU,Saudi Arabia,2016,54.79115120426414,60.121582245320695,26.863419289861888,66.56142527462792,43.50529555825202,51.22934573951288,17.379965235407628,3.18518611850268,21954833889.956,47.26,10
SAU,Saudi Arabia,2017,52.09370711368414,61.05600179544468,27.82964670209437,69.64218092966964,41.17483160920471,70.77086270576193,16.251680620146185,0.136801407151884,1014062501.14036,47.77,10
SAU,Saudi Arabia,2018,53.6469978982801,63.89565781498654,27.572195357689516,73.40884423339853,48.924133263462544,48.92022752924533,14.940698372464135,1.36945683303735,12141122232.9039,49.21,9
SAU,Saudi Arabia,2019,55.58444457247618,63.699326058819,26.18668684482958,70.41760200187589,50.95892293558226,52.17340511829629,72.32462493118518,0.346411455797861,3079217251.32355,53.16,7
SAU,Saudi Arabia,2020,55.28415088204992,56.897041900439014,20.630071415954426,63.891871399668474,45.520260531403075,76.42921031314026,84.49245748735437,0.211115523412857,1621264195.43532,50.89,7
SAU,Saudi Arabia,2021,57.861829080040714,67.03359881179111,22.64061080605314,70.50750840477194,51.218091661264765,56.3797546283969,72.61312146433508,2.8850612174452,28350373333.3333,53.66,8
SAU,Saudi Arabia,2022,61.30619347181143,73.52856280303926,26.20489413311416,100.0,54.77916637058666,56.90828207983935,56.87702389559107,2.1556449627378,26710062133.3333,60.32,7
SAU,Saudi Arabia,2023,64.40866444518021,64.79911152315906,24.611739669416036,100.0,53.00453785952006,59.70583255557784,66.09446232706418,1.87131032249407,22803498160.5828,60.0,7
SAU,Saudi Arabia,2024,68.32512323186664,65.51902138189813,24.917567767839685,100.0,54.700626523991694,79.35073630003528,58.74877143189696,1.72104243015611,21337562069.6656,61.58,6
ARE,UAE,2000,75.42521879661703,56.22205266473459,46.02992340427167,67.95583503976185,64.83395560338813,76.4218800887853,13.056175241196028,-0.485281532912816,-506330000.0,59.57,4
ARE,UAE,2001,78.90191362086739,45.27215003951899,46.02992340427167,64.11486006125244,61.63266533535395,76.67885378069353,13.056175241196028,1.14589216998935,1183840000.0,57.85,3
ARE,UAE,2002,82.37860844511773,46.33671574185363,47.95424646408292,63.024849191014965,76.48994679925126,77.30032916325172,13.056175241196028,0.0867813662286139,95300000.0,61.05,3
ARE,UAE,2003,82.07650482924934,53.996972931768745,53.491570781231665,65.4061826350763,75.9542017032748,78.1769557292649,13.056175241196028,3.42266271097113,4255956430.0,63.61,3
ARE,UAE,2004,73.53526140915271,57.00160930344438,62.08537479492625,67.8247541531664,72.91950106172827,79.24676819132257,13.056175241196028,6.76715211324682,10003500000.0,63.81,3
ARE,UAE,2005,74.1191801053709,55.366659101176865,63.84359945778322,70.32230567550474,77.88164087850724,80.96400046408704,13.056175241196028,6.03481604123485,10899931930.0,65.21,4
ARE,UAE,2006,78.02624736650343,63.82855789420182,63.794276278076445,71.82309702437948,80.2245869134398,81.36999053935861,13.056175241196028,5.76543753223521,12805990470.0,67.93,3
ARE,UAE,2007,78.9198197561834,57.916972431466895,74.19117540233302,70.00369514523406,81.02453213819939,81.54677385932384,13.056175241196028,5.50043971722883,14186521440.0,69.37,2
ARE,UAE,2008,79.31438072472946,69.97985673619563,81.22068673221483,72.23198503696979,77.22333110222702,81.07109915302563,9.07443566093875,1.60487460715228,5062972000.0,72.29,1
ARE,UAE,2009,81.08840701230315,61.67050775488784,84.18984377769726,65.81318048087527,74.7222512865899,80.22727773917097,14.550037529196224,0.447367365845778,1134288140.0,71.18,1
ARE,UAE,2010,78.89488274906626,69.27843533331911,73.40367816937365,69.07286777440648,68.34699246205192,80.3129356364737,11.398567764005168,2.85854032456409,8796769640.0,68.87,2
ARE,UAE,2011,84.69663906143192,75.62183509939268,78.61853003492348,73.88777214061322,72.2329021367971,80.72482254690817,6.771102692216823,1.938861867408,7152095830.0,73.31,2
ARE,UAE,2012,83.8098977183886,74.75225814066866,86.09536885211082,72.63273037185468,71.6429386470811,81.0474065431334,6.874868599105477,2.43554239157448,9566651350.0,74.33,2
ARE,UAE,2013,84.7167438491817,81.14449760311521,86.55162049997861,71.9643687139594,69.9118621524344,81.57228897766934,11.743951253358894,2.38382217021709,9764914530.0,75.59,1
ARE,UAE,2014,85.49336286680828,74.18518497313413,87.82218914182054,69.23094653140203,72.13988757024649,82.18829683486778,12.657982671996928,2.60546065371654,11071537020.0,75.0,1
ARE,UAE,2015,85.11839703754208,72.37430427479141,90.68464239665856,61.26736265162779,73.82454176025034,82.78061208217397,13.683228208793032,2.23861395699196,8550901850.0,74.3,1
ARE,UAE,2016,85.60884653389508,71.06056915171364,91.34997044146613,59.46938884509258,96.3406775502316,83.59891837768315,30.22917320510437,2.51620200951453,9604773000.0,78.16,1
ARE,UAE,2017,85.13498034646686,66.79914516986864,91.3988863436054,61.49280914453302,96.57636421913077,84.16936352355036,27.472434008711357,2.56696112401594,10354223000.0,77.63,1
ARE,UAE,2018,84.82594925118157,69.68807535529288,84.96091051820885,64.58839037060211,97.58633874549628,84.80541897373455,20.595859992651008,2.35729150002132,10385286000.0,76.76,1
ARE,UAE,2019,85.40754764182684,70.11927579201564,90.40621356375723,63.55291725708115,73.82827560316453,92.18222150027952,24.759307979802436,4.11928564301823,17874660000.0,75.45,1
ARE,UAE,2020,82.73223186765576,60.18263685329725,100.0,59.60312762685659,73.7572698846874,84.20945870952185,41.77830131665303,5.56735507865122,19884470000.0,75.67,1
ARE,UAE,2021,82.46584138657862,71.1754816987383,100.0,64.14510254089599,76.11528471182406,90.37645039819094,38.646854989496575,4.89230472033291,20667120000.0,78.22,1
ARE,UAE,2022,83.32635002157495,74.72878140383823,100.0,100.0,74.20812874993597,90.70230909998516,31.381911935655513,4.44591399207935,22736555480.0,83.93,1
ARE,UAE,2023,83.51018770634627,72.97087136866178,100.0,100.0,97.13855695511236,91.494310128398,50.80649308773412,5.87184069440898,30687542545.9496,88.04,1
ARE,UAE,2024,84.96669244598665,72.919974457741,100.0,100.0,97.18905038520438,91.83408684945331,50.97532398595737,8.26261712974626,45636487406.3989,88.42,1
QAT,Qatar,2000,68.87192934047988,66.6253484930959,45.87876532794393,87.35867137638354,91.1598601904852,91.23340628834671,31.99388073332275,1.41667543235467,251600000.0,67.73,1
QAT,Qatar,2001,70.51156532650745,63.18138547477107,49.09249897663718,83.75517720636626,78.24141076708118,91.60884302971616,31.99388073332275,1.68498245614035,295520000.0,66.11,1
QAT,Qatar,2002,72.15120131253501,66.23206150025524,45.192976685489064,80.40682872955968,80.40634465077379,91.79656140040092,31.99388073332275,3.2221054423699,623920000.0,65.86,1
QAT,Qatar,2003,72.76170726663473,65.1690593430909,46.210151756053406,81.30253480308846,84.20288404330562,92.2941062081381,31.99388073332275,2.65541575709466,624920000.0,66.73,1
QAT,Qatar,2004,71.86698424457389,78.52099755233847,46.33464474180941,82.00898021557059,83.90018186326415,84.92635520993069,31.99388073332275,3.77817958307362,1198970000.0,68.25,1
QAT,Qatar,2005,74.18413743019816,75.21652426240382,48.95861720221922,84.9917719639493,85.36257579698513,91.10036317125946,31.99388073332275,5.61413033419499,2500000000.0,69.81,1
QAT,Qatar,2006,77.32227459859344,87.83025560485375,51.2539326166366,81.3747318006711,87.66516863293346,93.26003568836052,31.99388073332275,5.74881210770224,3500000000.0,72.68,1
QAT,Qatar,2007,79.52166810114927,86.08478229303383,49.77978644216003,78.63438549974039,84.85269572136419,92.24357702643368,31.99388073332275,5.89621991232182,4700000000.0,71.82,1
QAT,Qatar,2008,82.08955354066829,91.48708715628348,45.77087024514421,79.62279997784557,84.28886322344087,93.96453091982396,17.720995740886398,3.27806417009269,3778626370.0,71.54,2
QAT,Qatar,2009,86.8343339195734,83.88009724013561,40.19744370366602,73.33495350386929,87.67724228283896,95.14708116978704,18.275868976697527,8.3076413079166,8124736260.0,69.94,2
QAT,Qatar,2010,85.61761814380587,94.89167385933358,44.37782865353527,76.0144023239232,92.23814984985152,96.96017764487098,18.830742212508657,3.77775259249383,4670329670.0,73.24,1
QAT,Qatar,2011,84.96214846244574,92.96127347097406,51.344365648463906,79.45450268212173,90.55719339652062,97.01141645453896,19.385615448319783,0.559389030984015,938516483.516483,74.68,1
QAT,Qatar,2012,86.07618110878377,86.80126566730331,55.559322319565474,78.16134601197355,89.03156417432042,97.14606924193528,19.940488684130912,0.211888706229028,395879120.879121,74.62,1
QAT,Qatar,2013,86.81209938638021,87.16781761069574,53.54136367368696,75.72035620277038,88.23633084468945,98.06824998894533,20.49536191994204,-0.422882374002756,-840384615.384615,74.0,2
QAT,Qatar,2014,81.9919694285644,86.98855078146505,51.531980307731075,72.21826909011153,88.60880122690325,98.78246046447512,24.061769636940035,0.504490726802349,1040384615.38461,72.11,2
QAT,Qatar,2015,81.49807108542507,80.85766824744407,48.33587055560223,65.29228672942487,89.15188685596324,99.68802300297268,23.531226103024547,0.662099797361452,1070879120.87912,69.38,2
QAT,Qatar,2016,80.94745756568739,76.43770746932626,45.839741848455134,62.81959657810329,85.59186573150237,100.0,27.2444895954503,0.510044269018025,773901098.901099,67.48,2
QAT,Qatar,2017,77.66665750133386,74.62653598365006,47.00794842249172,65.15955230847317,85.83510868850745,100.0,21.64362671395116,0.612038519716031,985989010.989011,66.69,2
QAT,Qatar,2018,76.11047128048648,79.61256886880345,47.214228017083215,69.25148466436873,86.99785311772114,100.0,23.743549594193084,-1.19249557946474,-2186263736.26373,68.0,2
QAT,Qatar,2019,78.29871312873557,77.76853476364681,46.13895578473491,67.9474671988792,86.76812470881426,99.97780184703942,24.227759636283565,-1.59472392179342,-2812637362.63736,67.84,2
QAT,Qatar,2020,78.59925792944243,69.24197435224083,46.12257052988681,66.22430867419673,86.4758927156817,99.38001907437346,30.581991399920184,-1.68550654608129,-2434065934.06593,66.79,2
QAT,Qatar,2021,81.46477934045394,79.71750961004979,47.77869812444129,71.89094768996651,73.90809841005262,98.02771780206209,27.230268693258232,-0.608353395238639,-1093406593.40659,68.36,2
QAT,Qatar,2022,82.55142590399187,85.84516798922421,52.239604325216845,100.0,76.77741393772855,100.0,18.788077260238456,0.0322850595933247,76098901.0989008,74.82,3
QAT,Qatar,2023,82.22512451076022,83.50807355058585,52.239604325216845,100.0,99.18512987095282,100.0,21.07448618267132,-0.21820397647038,-474175824.175824,77.46,2
QAT,Qatar,2024,81.82980024877563,82.40953334625466,52.239604325216845,100.0,98.62404182075618,99.58960754649718,20.741521849148416,0.209965001654649,460164835.164835,77.09,2
KWT,Kuwait,2000,69.82162017549068,61.03303542178307,44.08209349547821,91.2037341654314,58.27873399761905,60.79204759371475,13.76673569293469,0.0432141499494191,16299834.3665164,60.78,3
KWT,Kuwait,2001,71.06321839670291,57.31930167327457,44.22138464891307,85.36702750193876,39.6024114517884,61.0763589124217,17.314745722971544,-0.319626515627054,-111516284.529561,57.49,4
KWT,Kuwait,2002,72.30481661791514,59.77499993179837,40.84608792600844,80.58607255292664,57.45662393347059,61.82540988670739,22.023267387316448,0.0094909326066186,3619441.97735906,59.31,4
KWT,Kuwait,2003,72.2594309736308,71.19582803621552,44.04420260687193,82.59741870411912,59.01555064482533,62.980880246067784,33.997976785831824,-0.140181900729054,-67111499.3383339,63.0,4
KWT,Kuwait,2004,72.47886356832062,68.2303330779792,45.689747067321626,87.60830546389994,57.359266157654254,64.42795195794817,32.752314018979355,0.0399618649631494,23752969.1211401,63.54,4
KWT,Kuwait,2005,73.37018971994517,71.26403738201826,47.456839657214935,93.42906577282504,63.530514559634774,76.94285811003105,34.27951465936449,0.289490192089246,233904109.589041,66.87,3
KWT,Kuwait,2006,69.4035229059101,72.1047529564005,45.939027788702155,91.5387284414933,66.85334145066408,76.75543814671074,28.148558740641995,0.119445435810722,121305596.280329,65.38,4
KWT,Kuwait,2007,70.49736030886095,71.63570430292236,47.15072158887767,89.1254608906821,66.97156837230598,77.00270678507465,27.509055462340747,0.0972971788343997,111535690.174729,65.45,4
KWT,Kuwait,2008,70.40835236691926,72.0592221458292,47.72131575964591,92.88523619257552,72.74367604152467,77.31781251009404,26.8695521840395,-0.0040383793398518,-5951752.85941426,66.92,4
KWT,Kuwait,2009,70.90161708848477,59.79613099851142,45.39778956149085,81.75885407301828,67.39166548774031,64.95830191784387,26.230048905738258,1.05086514387032,1113588046.64934,61.83,4
KWT,Kuwait,2010,71.79481906789833,63.55375947763485,50.32815759226841,89.1676968382251,67.0493423001022,78.65326949790443,25.59054562743701,1.13036730425536,1304627500.01184,65.25,3
KWT,Kuwait,2011,68.02334369493,75.63776855438111,51.581289569858576,97.38495292827876,66.41921768167599,67.66108195401334,24.95104234913576,2.11573865053541,3259067552.45619,67.09,3
KWT,Kuwait,2012,65.44624220547404,75.12118583719501,52.71829971847429,96.64308270461204,64.95582208540522,81.66567920339932,24.31153907083451,1.65046109668041,2872588962.21562,66.79,4
KWT,Kuwait,2013,64.87942478471166,70.50916705325021,50.67465303166511,95.19730647184429,65.711581811467,82.30682996932478,23.672035792533265,0.823130244872496,1433630444.12308,65.4,4
KWT,Kuwait,2014,61.938080875757656,67.91365852775843,52.13372955644291,93.29509168708708,64.5071925767968,71.56854007778101,23.032532514232017,0.298681408941651,485806657.75508,63.72,4
KWT,Kuwait,2015,61.67649924626091,62.12919356975002,51.33137714351403,79.93210102778,57.96115633560573,83.32584536841969,22.39302923593077,0.248414926379679,284647623.805361,60.06,4
KWT,Kuwait,2016,60.05245780582226,62.71979386082567,49.80592747034434,75.96160774110473,56.26619010152421,73.1340748391226,22.392680251359955,0.266918369047007,292026510.202095,58.19,4
KWT,Kuwait,2017,59.99061770772198,58.41384481815495,50.815391644939155,79.48634300830497,61.517471974982165,84.68850521230596,22.392331266789142,0.0936402094114043,113012065.007347,59.44,3
KWT,Kuwait,2018,62.85421976215334,65.06251859582956,53.78285894288919,86.22033832602307,66.77676355753748,84.87498932064844,22.39198228221833,-0.0154187787915342,-21377568.8207292,63.5,3
KWT,Kuwait,2019,63.487718228362894,64.47214825851036,47.12264588281206,81.95772576820879,71.02958170419704,74.27132011395051,22.391633297647516,0.366059041832984,515617569.386936,61.62,3
KWT,Kuwait,2020,63.267557962039554,56.83968504058623,41.31849611465133,73.49141098669978,67.84176917588793,81.34296367308306,25.482983427546035,-0.502546857177858,-558055522.567384,57.93,4
KWT,Kuwait,2021,63.88586011620328,64.48017692420214,41.31215346370214,100.0,56.36782572861114,69.27217942668621,24.587514799402246,-0.183575378772919,-272335307.098366,61.4,4
KWT,Kuwait,2022,67.00203077743565,70.20667054898671,46.66344739632727,100.0,61.74629120291843,76.13756877007835,22.212909496019737,0.409943823254394,752255305.966945,64.94,5
KWT,Kuwait,2023,68.55092430960879,62.17498588285662,49.75919510067806,100.0,62.57737120471064,75.44319304939016,21.1671531325991,1.27859898143139,2114603344.83449,64.85,5
KWT,Kuwait,2024,68.4326489387195,61.18647333605767,49.75919510067806,100.0,62.37807611100827,74.69231956665121,23.5741172516733,0.383567812220823,614580245.831756,64.79,5
BHR,Bahrain,2000,65.85230774420205,64.93860472795234,73.59774152605513,68.14210175516281,73.78506041042998,60.017481501083566,19.511237422665644,4.01154558234918,363562321.906707,65.43,2
BHR,Bahrain,2001,70.60331057850043,63.05048642818606,68.32781270718658,65.72735968583996,62.0358751253641,66.86139574219278,19.625900973690225,0.895243944446186,80358858.3697633,63.55,2
BHR,Bahrain,2002,75.3543134127988,63.03312246851847,70.79233045721047,64.68705481348249,69.19663081910579,59.52722672715935,20.82537168720762,2.26180894388216,216986881.649308,65.83,2
BHR,Bahrain,2003,72.89547501680967,63.47683182858206,68.96702738895041,64.64040549566852,73.50388495883558,59.07342212230016,23.206798851388545,4.66554367760963,516700276.442675,65.58,2
BHR,Bahrain,2004,72.07179952572501,64.90863357341676,76.55476272159758,65.68004465157637,73.7537656740487,58.92215392068042,27.49385952747425,6.58021002500264,865308118.622994,67.71,2
BHR,Bahrain,2005,68.90684361610609,61.75150496414731,81.10067065911582,68.89101410792492,74.59170834077679,60.36011309029452,29.03591052344219,6.56659445840223,1048601306.14141,68.23,2
BHR,Bahrain,2006,67.31994887232429,67.97515580191362,80.37503567908192,69.1977055053759,72.96789102169005,62.23000676332887,30.479457999806524,15.7508650085886,2914659868.30074,68.58,2
BHR,Bahrain,2007,69.4369767440355,72.37495845206728,74.78333732973182,67.86878648999837,74.5509642364825,64.47351466927941,33.288279126072005,8.08243218951671,1756312514.78198,68.79,3
BHR,Bahrain,2008,67.76378785786123,72.05884035367478,79.64200487805826,69.90655760882407,73.14172469228572,66.94665864033944,20.710896770331455,6.97757782740497,1793998354.54447,68.76,3
BHR,Bahrain,2009,68.27823118621143,67.05074585477509,62.89007419383409,64.49976808642234,66.10206086872996,69.4908804410762,18.924648227743827,1.12105291032725,257149561.420297,62.75,3
BHR,Bahrain,2010,64.87478859669773,65.44742981249853,61.44867409417408,66.41375522378817,71.10072300067544,71.38628923245604,19.9761133983648,0.581105356633959,155771009.169721,62.46,4
BHR,Bahrain,2011,60.76490958979388,64.1858486144778,92.63079396276122,71.65442211491182,58.288307091580265,70.37115202399588,14.799480357568298,2.61026038592024,780851063.829786,66.79,4
BHR,Bahrain,2012,59.317864747206805,64.79051298243074,99.40768852688647,68.91671924804899,60.7563794295919,71.0965103883893,15.512390144798047,4.83265436536461,1544680851.06382,67.94,3
BHR,Bahrain,2013,58.33119792754447,63.96296046174414,100.0,69.67994697154035,56.44935520567149,71.02907757561907,16.2252999320278,11.0211306090707,3727712765.95744,67.32,3
BHR,Bahrain,2014,57.60024990141377,63.090587680287555,93.2585489305446,67.97742281450489,59.33325068647176,70.33652436338411,16.93820971925755,4.36728984042946,1518617021.27659,65.68,3
BHR,Bahrain,2015,60.54593691690183,57.1781002705334,80.86218231221987,60.13454175040644,64.1559994486629,70.68280096950159,15.797130338962685,0.199529633421541,64893617.0212766,62.2,3
BHR,Bahrain,2016,58.010855321801046,55.26043674052104,71.80598855975066,57.73910935621454,63.78409080937673,71.80911119361,15.274606785663432,0.718174283238518,243351063.829787,58.91,3
BHR,Bahrain,2017,56.932684621125624,54.62709191495802,73.96981885801388,58.95181243107096,62.66026084587488,72.5599846763489,15.570236928221531,3.83300891199591,1426063829.78723,59.12,4
BHR,Bahrain,2018,56.79889962485927,51.79183861112428,78.55767906357359,61.83255422573609,65.53607571963026,71.97860447976221,14.745000995369107,4.18079308703845,1654255319.14893,60.43,4
BHR,Bahrain,2019,58.97572709820969,50.48294168484739,73.36277712165668,60.71943653047192,68.63837104014983,70.78303893443034,17.739932726251944,2.32837980010521,941755319.148936,60.04,4
BHR,Bahrain,2020,58.36596197471519,42.52480767271146,73.38884311626951,58.585857650824856,67.11450506572767,66.79539043871969,18.32830690806482,2.84973228101032,1021276595.74468,58.11,3
BHR,Bahrain,2021,63.674756543084584,64.45105614420252,84.39227502005961,63.347660815964275,73.69324753907682,66.27415302109023,18.75030403730665,4.3566259787756,1779255319.14893,66.56,3
BHR,Bahrain,2022,63.905982747745774,66.10182198982884,92.3977448615371,100.0,72.50389078420348,83.91616917692875,17.38606344772109,4.20018456310523,1951329787.23404,74.83,2
BHR,Bahrain,2023,65.00444752945221,64.83345227180665,86.58148409080067,100.0,69.65660432526772,84.27187276481033,11.901246127615774,15.6428756083644,7225797872.34042,72.93,3
BHR,Bahrain,2024,66.01580568808258,63.923862974632904,86.80387532178527,100.0,73.62222093118277,84.11880665548867,11.556467464993656,5.73694505846498,2702659574.46808,73.58,3
OMN,Oman,2000,71.89799297601448,39.436558539518224,40.958945229079376,87.2472119968289,65.84138971605576,43.00983261535612,4.996591169137098,0.368381081460018,82000000.0,56.63,5
OMN,Oman,2001,74.23583601395453,57.69426942140971,42.82725090824867,81.81505820874673,44.69095093343677,42.48130516391367,4.871271950212501,0.0234244152680339,5201560.46814044,56.59,5
OMN,Oman,2002,76.57367905189459,53.99393188805791,42.30327793727718,79.29198692389305,61.476229946277805,42.546915468230665,6.202570254236854,0.473575608601034,109232769.830949,58.39,5
OMN,Oman,2003,76.74010872474902,53.15610346469452,43.01903899905441,79.01177004591952,60.51490964400619,35.29983659876666,7.533868558261208,0.10094531077486,24967490.2470741,58.12,5
OMN,Oman,2004,76.19940352654811,56.46216177102925,45.27793013097582,81.84108404288978,58.46864266744857,43.126473156364106,8.865166862285562,0.391323075231172,111053315.994798,59.51,5
OMN,Oman,2005,75.59957776552963,57.76840687690589,44.16788339491373,87.06265959363044,57.24600120240914,43.35064169611385,11.471867195767196,4.33257156250914,1538361508.45253,60.17,6
OMN,Oman,2006,73.27524887170634,59.69690551936969,43.79851242494533,85.70384823899187,49.27038489206999,43.868234096836794,10.087884671689473,3.74867907471091,1596098829.64889,58.46,6
OMN,Oman,2007,72.53221468522491,60.15256871039818,49.0307669264042,83.18721209066364,63.638243412867496,44.73939313749022,14.741972222765446,6.89874269714346,3332119635.89076,61.28,6
OMN,Oman,2008,74.40681881172664,64.53673733712394,48.96843287934753,82.48987396613404,66.93537090137552,59.87505879252125,7.862967400993856,4.22877879574812,2951885565.6697,62.77,5
OMN,Oman,2009,74.55631924449263,62.09276023597286,47.08797828559309,77.2404558031009,65.66386015156938,47.40025547923498,10.80805113622996,2.72158933688519,1509232769.83094,60.79,5
OMN,Oman,2010,73.6752443409672,60.90249336478345,49.94326222250135,78.21272836661646,62.67248041856956,61.942142754339855,11.622723606293247,1.91196478591436,1242652795.83875,61.37,5
OMN,Oman,2011,68.17241858737577,61.66410733343929,53.09649270313229,84.71341581500963,61.604290795610986,55.00740576309978,9.243827469542165,2.10218875218974,1629144343.30298,61.29,5
OMN,Oman,2012,69.12998427771917,65.76102996060995,53.356320006788295,82.44161096538991,49.37471562480135,61.11645409839321,9.24149726292303,1.5612029028198,1364629388.81664,60.44,5
OMN,Oman,2013,67.71072303477438,63.21960228418018,59.63782401988629,81.16101660738312,43.75027821093564,64.19649338438542,10.904954297529832,1.79286446946825,1612430962.28868,60.38,5
OMN,Oman,2014,69.42389678205329,60.42237227280075,53.47870123318172,77.55350213308836,63.37332816331209,65.74380306119454,10.886025430153,1.3876575353227,1286345903.77113,61.09,5
OMN,Oman,2015,69.05524566680243,61.439668745626214,49.93787734862084,66.92542425782975,60.62214835936556,77.72611213545899,13.941411208701322,-2.76001757846703,-2172431729.51885,58.98,5
OMN,Oman,2016,69.29622119983128,60.55614929183505,41.82956867055335,64.48097056936878,56.781886934908755,68.73271692452427,8.263394400447343,3.01624952400734,2266070221.06632,55.56,6
OMN,Oman,2017,68.99235382045156,57.495792749371816,45.48304273636779,67.12904041755031,63.75879958011328,81.72971620512477,7.020418164512361,3.56005583896762,2878543563.06892,57.55,5
OMN,Oman,2018,67.64915246302282,59.14842355234362,45.67869232060251,71.67009331940717,65.1730245270817,81.63428371719085,5.466633978495375,6.12067985447931,5600780234.07022,58.3,5
OMN,Oman,2019,69.22818706230991,57.298269600631066,43.99801610360379,70.03804825468619,65.2764611005452,67.80141510491362,5.176645365941404,2.26908923371353,1998179453.83615,57.29,5
OMN,Oman,2020,67.69988437333409,55.00276878140151,47.23675742057972,65.14991877047721,64.99643006469888,78.88284680264162,5.783195483419448,2.51548624054379,1909492847.85435,56.91,5
OMN,Oman,2021,66.23818450402176,59.66164864832433,49.681011766590366,73.43261895700643,69.50387841423662,60.52049383418052,5.76622059473231,10.015189421015,8745643693.10793,58.97,5
OMN,Oman,2022,69.02145515147686,64.69317369634621,55.55855599768022,100.0,74.1286667118183,81.46742476217783,5.398353488601435,6.25544528201825,6871781534.46033,67.23,4
OMN,Oman,2023,71.00381516734788,59.670029070828754,55.97960559786925,100.0,75.71333921226051,65.1642453730611,5.843979546339195,11.8157929012346,12545383615.0845,66.73,4
OMN,Oman,2024,74.39903778843335,59.60080664346457,61.02336840046587,100.0,67.11618666722994,65.0877000180246,7.976188525096463,11.6351181523148,12465539661.8985,67.68,4
EGY,Egypt,2000,48.80254647346186,54.84808070592982,15.520736352858677,54.31268874870376,66.4660987649704,24.870405980160537,23.235697313415496,1.23699720670391,1235000000.0,43.02,12
EGY,Egypt,2001,46.8726795640693,52.974240810537985,15.99624944927784,53.33659935225525,68.20699749789146,22.51572505856175,23.235697313415496,0.527384722609423,509900000.0,42.36,12
EGY,Egypt,2002,44.94281265467675,52.019468429172775,16.702262005728873,54.074458576983034,62.60104027525952,19.34456034990703,23.235697313415496,0.759753233043019,646900000.0,41.17,15
EGY,Egypt,2003,44.1139212413224,52.14819615431185,19.817928351618132,56.47421253133237,66.05027082920479,21.05589578750863,23.235697313415496,0.295683832335329,237400000.0,42.55,12
EGY,Egypt,2004,44.23406124501719,51.272551560999226,26.802361908397504,57.558543758213254,68.3316344184256,22.77634376737648,23.235697313415496,1.59083618380383,1253300000.0,44.5,12
EGY,Egypt,2005,44.984023498083666,52.97190012586095,29.882127722871747,61.17501336654504,68.17791520030487,27.504930547964264,23.235697313415496,5.99551598885794,5375600000.0,46.32,11
EGY,Egypt,2006,45.86256890596811,54.06418421637341,29.021628019541275,61.196436498964786,68.50046316830503,27.292441439887256,23.235697313415496,9.34856726566294,10042800000.0,46.55,13
EGY,Egypt,2007,48.31532074820628,45.41819247435816,31.15731411456965,59.69710832611108,69.99413491395394,27.98325041831125,28.50994688403795,8.87633606337272,11578100000.0,46.72,11
EGY,Egypt,2008,48.89709466641667,52.190276460238955,35.1191212810826,62.35681983910493,68.3919677989703,27.29251971452957,14.09110241087104,5.8314126186488,9494600000.0,47.9,11
EGY,Egypt,2009,50.61817470224856,52.02830167409849,26.04245565748478,56.540113225845886,68.2246640591311,27.932220181620256,12.86588321065626,3.54835118019574,6711600000.0,45.33,13
EGY,Egypt,2010,46.05537569346612,52.57713922512787,20.871995446169247,57.15286149030656,58.708048171999714,35.8568708567401,10.264965074835834,2.91601657550141,6385600000.0,42.15,14
EGY,Egypt,2011,41.68900983940938,50.58265697749142,19.263502599452256,59.469810060806715,49.17668499537772,29.541495145839853,5.513127175503374,-0.204542848807527,-482700000.0,39.01,15
EGY,Egypt,2012,42.02423934620771,51.702706456858664,16.53707637165346,58.40532832611791,53.06249224426236,37.10448703442591,5.647620337987981,1.00234071774049,2797700000.0,39.29,15
EGY,Egypt,2013,35.007470112835804,51.17290666224292,16.333829643774287,57.77478166457314,57.42162890139111,35.445592528000645,5.691348219673561,1.45343420769727,4192200000.0,37.84,16
EGY,Egypt,2014,35.77881342746471,51.583837468904115,14.26203795435586,56.62084663079118,51.244609911652255,28.32405949906897,6.109876773677263,1.50925042253521,4612200000.0,36.42,15
EGY,Egypt,2015,35.98279759864879,52.58188331817956,13.017442075457003,52.812654356159385,56.62563621126935,26.24822237081741,4.4596728645634,2.10258128401326,6925200000.0,36.25,15
EGY,Egypt,2016,36.33217145805569,51.79996124799509,10.25769712546154,52.57328153606897,57.79898140143998,25.61398942908647,2.6607180133029966,2.43856278142762,8106800000.0,35.59,15
EGY,Egypt,2017,37.81684120598637,47.919502295714,17.80934549117232,54.570598737401646,60.37866804587279,30.842611018958053,4.989800701048538,2.98301550917695,7408700000.0,38.04,15
EGY,Egypt,2018,37.112289118825814,52.03122615219477,19.656749381606357,56.09294279996996,63.37298720108472,19.543213771311272,4.256550663521893,3.10040077579187,8141300000.0,39.02,15
EGY,Egypt,2019,37.609578356713556,53.516049093819106,16.784434835807126,54.59153390493108,64.16589992450638,17.538454472736454,3.6882716021764255,2.82732944960686,9010100000.0,38.48,15
EGY,Egypt,2020,36.610269326719994,53.26216484037932,11.385565419892504,52.61231897414844,65.05413323371651,16.475932044491802,2.861080718544466,1.52462948997172,5851800000.0,36.74,13
EGY,Egypt,2021,36.61711246350168,53.174019406761595,10.023942584084509,54.121569067807854,65.50152508265494,41.307339569802565,3.0484872608009703,1.20617861055665,5122300000.0,37.66,15
EGY,Egypt,2022,37.48634714542321,53.69586694669488,14.299789690314716,100.0,66.83392525895071,38.22000084417107,2.1599982159341566,2.39118080969079,11399900000.0,46.18,14
EGY,Egypt,2023,38.65477730204368,47.100955755255434,16.380249099932048,100.0,67.97019776524154,22.04005035226354,3.732315284079805,2.48546398363597,9840600000.0,45.64,14
EGY,Egypt,2024,38.52614973737408,47.34748080419291,15.87043982651733,100.0,67.73033773673899,21.9070072351763,2.907734831612419,11.9719350883142,46578000000.0,45.44,13
MAR,Morocco,2000,58.740233438486165,52.48634842362231,24.174498868888445,28.730838169500796,64.17134856782103,34.165199091734685,36.81033795175886,0.991581858750169,426553283.860635,43.9,11
MAR,Morocco,2001,57.42719647987135,56.27668065969024,24.205259187351206,29.935798194306894,58.89038101209761,34.070428652165695,36.81033795175886,6.44412928365454,2824557251.52006,43.63,11
MAR,Morocco,2002,56.11415952125653,54.11010089552876,24.69641265307567,31.13527314917159,62.46837603876631,33.01337374928078,36.81033795175886,1.02035757811393,480355698.049861,43.72,12
MAR,Morocco,2003,51.9613679340552,55.27180690803507,23.509404152137567,32.45609762766438,60.39774340788225,32.982391105575545,36.81033795175886,3.98561984754306,2312829823.25089,42.54,13
MAR,Morocco,2004,52.752624610070114,54.204662684459386,25.44134830483892,34.92707279203287,62.665747653835176,16.47661548516177,36.81033795175886,1.35118647717804,893325392.835824,43.08,13
MAR,Morocco,2005,47.75229205760227,53.025816378118,29.0068021440526,35.347585544014386,61.170111783872755,32.922248326618295,36.81033795175886,2.42635467647837,1670609688.92877,42.92,14
MAR,Morocco,2006,53.13972188422782,56.08637230858355,30.913899249901,48.44820101525233,62.84045708894943,32.891265682913044,36.81033795175886,3.24283497739456,2460787164.18439,47.41,11
MAR,Morocco,2007,53.67271072728489,54.974477992780265,34.9205263241506,38.507230891982566,62.51865784116783,32.86210554766105,36.81033795175886,3.24999332315429,2825801376.44064,46.62,12
MAR,Morocco,2008,52.08552082135549,57.23285934536883,38.8115743671596,43.49665270854917,63.047675968072745,17.989932316159848,36.81033795175886,2.42213508852785,2466288357.37233,47.71,12
MAR,Morocco,2009,53.191355098799285,56.08376057636213,29.53309985290452,43.20069982965119,63.45705944806658,18.587906562850502,36.81033795175886,1.94782744330848,1970323920.01346,45.84,12
MAR,Morocco,2010,55.67295844649402,55.07030680804888,33.835883338242795,51.36681993630907,62.76820447551639,31.04506461977097,36.81033795175886,1.2299824583835,1240625859.11403,48.91,11
MAR,Morocco,2011,53.34686246122603,55.15917699641129,38.20639046006245,53.18922663642742,62.791223351386925,30.085492347794418,38.831411152833006,2.29046840496639,2521362080.65559,49.69,10
MAR,Morocco,2012,53.27625941828648,53.60957980134476,39.04416167204732,52.637432785095505,62.91110824939059,31.738113979437717,40.70045107172394,2.65758712641507,2841954371.38454,49.75,10
MAR,Morocco,2013,51.925818619347126,54.28986732544674,36.42545139891883,51.65550049731704,59.96057957870236,28.67580363054619,39.671092516839906,2.9038626404404,3360909924.3642,48.22,10
MAR,Morocco,2014,53.711063653453984,53.66733185457685,35.246891152222155,50.90480492193222,65.36322076582684,25.91595443966273,40.56831202058229,2.95925435484489,3525384612.43801,48.86,10
MAR,Morocco,2015,54.2625950985248,54.419061616004285,32.48384792043918,50.172571775181225,64.92000463024073,27.144896529816325,37.19000798201127,2.94611108390154,3252913902.35666,48.15,10
MAR,Morocco,2016,55.55700840600792,51.78913390826941,34.784329125564604,50.75672652313154,62.007466432284936,25.468188752826475,41.81219412055879,1.93000540251056,2153363904.93515,48.56,9
MAR,Morocco,2017,53.53535465618621,55.141001512038514,36.61481965944507,52.64613648505064,59.5280770754851,23.554554876914153,43.49853404138615,2.26092196120538,2680109856.21237,48.96,9
MAR,Morocco,2018,52.332384941759805,53.633634209154025,38.463810210623215,50.581912741376875,64.22687406485063,24.155982666486597,43.94726010572497,2.78337936840164,3544387229.27821,49.17,10
MAR,Morocco,2019,54.60250413397777,53.843812609192554,37.70971754791424,49.97213375713281,58.13176121320085,24.759232964512297,46.67133581457256,1.33479789567415,1720825003.13095,48.92,9
MAR,Morocco,2020,55.01945640467537,46.78448569270878,33.41696112047976,50.23649624474334,53.82774472092175,21.803124253341068,57.20985581816974,1.16907334587558,1418713118.61153,47.18,9
MAR,Morocco,2021,52.531689148438346,57.30961809244977,37.42488711640444,50.31316675510187,58.33642830425913,23.190053186264183,54.62818580385548,1.59422321445366,2264148625.4107,49.41,10
MAR,Morocco,2022,52.344004170005626,51.70536397812226,52.65522229474592,100.0,59.417314251885585,21.367544733014352,54.444667491378986,1.74814323662076,2294356059.17333,59.83,9
MAR,Morocco,2023,52.57465020267236,53.22675885155187,47.981982917521464,100.0,59.46376542375415,21.22903409056736,48.83615047025985,0.725864122672683,1060023610.0797,58.72,10
MAR,Morocco,2024,54.37273086881288,54.568343231197154,47.423577055409964,100.0,61.1204919636402,21.05589578750863,48.42253847494035,1.02047789871899,1638999697.24143,59.41,9
TUN,Tunisia,2000,59.046845095154254,52.70256018281216,41.6944712350147,49.26549284955898,68.35119024573832,28.054328247987996,3.2117017276892965,3.49602747137556,750720443.574374,49.1,10
TUN,Tunisia,2001,58.820039077435865,52.4688954702177,45.84248878742986,50.42201460653053,64.23029456672504,27.314389815968564,3.920445656450765,2.04621697501891,451514809.247851,49.58,9
TUN,Tunisia,2002,58.59323305971749,51.24021017570477,43.316374241566386,50.711288386072795,67.09114941178973,26.57991890930887,4.705574355909061,3.41507220577273,790302916.627592,49.25,8
TUN,Tunisia,2003,57.00726446426021,53.32192910167318,41.54520338467904,50.90855487497115,68.82149425405832,25.850915528008944,2.060904535194077,1.96504647635127,539481939.009799,48.82,11
TUN,Tunisia,2004,56.83534094700051,54.35502602335403,44.266312861128135,51.729269948716095,69.61274210175975,35.67470028693291,0.587671750712942,1.89888949723214,592147521.678619,50.01,10
TUN,Tunisia,2005,54.71364326114587,53.58885548678776,46.26193330547958,52.90339023432453,66.2139092800454,24.61525479670556,0.0,2.20844919497596,712714847.262545,49.1,10
TUN,Tunisia,2006,60.90795451187205,55.30864343323332,48.475829946864515,53.4217596306622,67.36578848021679,25.353370720271744,0.1651526801219043,9.42473369729129,3239909092.61659,51.63,10
TUN,Tunisia,2007,60.3706738466792,56.917703778651166,54.54715121323975,54.66671363042846,67.3690159638874,39.13826537529198,0.8410330980601631,3.89395159860218,1515345043.99628,53.79,10
TUN,Tunisia,2008,59.12344163180643,56.20820753898881,60.71794959925978,57.497412937803965,66.03347630972628,39.90088249480461,2.2955603716990027,5.79738619600755,2600674976.49755,55.12,9
TUN,Tunisia,2009,58.547922445917216,55.74490685567853,47.921377154306185,55.25090716091621,67.04047374790298,26.57991890930887,5.64206074151941,3.50988118042442,1525244857.52902,51.66,9
TUN,Tunisia,2010,55.30186228917165,56.86563399721996,52.20202424103171,54.29740331925694,64.93544052647616,42.03788706284351,7.217247196472723,2.88814231758981,1334497694.56476,52.19,9
TUN,Tunisia,2011,59.61800804662511,53.42139895658589,52.175244867639904,54.66458761647643,63.14972287556848,42.81053654746679,11.856594543849342,0.899077534980039,432666011.578487,52.93,9
TUN,Tunisia,2012,60.31365680223795,56.358456796905315,53.04188574800832,54.94724688468172,59.21869540854319,44.01477292664319,8.115103471511022,3.28518933963283,1554269128.7808,53.04,9
TUN,Tunisia,2013,57.89872100706767,52.77997757856921,51.484364108437006,54.16662694392169,58.37945741439544,27.70258411651078,8.896283234498645,2.1744128074392,1058622582.18394,50.81,9
TUN,Tunisia,2014,61.00334541080459,53.41693283822974,49.77558516428192,53.54191090061931,60.16457128579953,42.1090386947742,10.16622888786759,2.03842746868013,1024754443.57724,52.05,7
TUN,Tunisia,2015,60.97423724974251,51.83172243460201,44.4602320702597,52.08426281836661,58.40736426410717,27.19045924114757,10.31379225719152,2.11999260597179,970521888.740202,49.67,8
TUN,Tunisia,2016,59.78215152876177,52.04321588965626,44.36670861253528,51.7518838843902,56.84476655000311,27.598701134675537,13.312288493593655,1.40344558640993,622569482.161978,49.34,8
TUN,Tunisia,2017,61.677969224426626,52.36156855964143,49.59683460589793,52.01268385104323,58.199839313146555,27.177701681974824,15.961193703239068,1.9233125677007,810936482.841997,51.37,7
TUN,Tunisia,2018,63.114440313026755,52.17171499514267,54.4346007544095,52.120196686629335,59.9932561163918,43.51081723676925,14.199465068412568,2.32248034984414,991385678.114219,53.48,7
TUN,Tunisia,2019,62.889072430563864,51.53848161325727,53.51103868836013,51.80181025367266,51.78287460144347,45.68758221569766,12.081693257768636,1.94487649950903,815012991.372017,51.95,8
TUN,Tunisia,2020,63.3477549584971,44.595488177250424,42.71104266256584,51.10467856784244,52.172660143404926,23.565489927633653,20.667800309773813,1.46634304906862,623075275.921852,48.45,8
TUN,Tunisia,2021,60.11115349073989,54.08548175144571,48.291312879709835,51.73204995147195,56.98421928943608,45.1459967406475,20.5817171754664,1.16289301361367,547411353.644915,51.72,9
TUN,Tunisia,2022,54.51013536238832,52.084866338856465,61.769271471431416,100.0,56.52724459165228,25.20210251865201,22.34938786246303,1.43159199894021,643213141.17869,59.98,8
TUN,Tunisia,2023,52.74474337163078,50.20536177991574,59.389015978236536,100.0,56.4711158451074,48.53539086081667,22.116013657656715,1.46351333844229,705491409.559272,59.6,9
TUN,Tunisia,2024,50.37346543241938,51.73614300092359,55.89069302249706,100.0,55.09647272298679,23.529039758568658,23.40512736757509,1.4797736580075,759601641.198674,57.46,10
LBY,Libya,2000,26.2351338331639,56.55564368238513,19.278778962780837,77.33877186018029,62.785854527491615,25.506461430344725,,0.368425619834711,141000000.0,41.21,14
LBY,Libya,2001,24.17002463860289,52.8217692265631,18.014142703147574,72.16691145644772,66.9452874799984,25.282292890595,,-0.389891046511628,-133000000.0,39.59,15
LBY,Libya,2002,22.10491544404188,52.33770227913757,39.4267698126743,86.3811323359651,67.09208818200487,25.209392552465005,,0.707942488082424,145000000.0,45.93,11
LBY,Libya,2003,23.807366865176068,61.765735258651574,46.47883142341184,84.45398327844741,68.29818454286391,25.27682536523525,,0.544437834622249,143000000.0,49.07,10
LBY,Libya,2004,26.90649885252306,56.363371419636415,49.78892262317589,88.95895710466594,69.16964204247762,25.439028617574483,,1.07782345154323,357000000.0,50.62,8
LBY,Libya,2005,27.18759940489348,61.28474480140083,46.62773278390739,92.94771334947998,73.08933364790956,25.64679458124497,,2.19289483627204,1038000000.0,51.86,9
LBY,Libya,2006,28.245011500963916,58.661226049073,50.75422203511547,91.70600052891452,74.01292059283689,26.231819794738165,,3.43460585952791,2064000000.0,52.58,9
LBY,Libya,2007,30.48566427268167,57.86898786691524,53.75086859150161,89.82471473673188,77.24039957277351,27.12302642837733,,6.89224565927254,4689000000.0,53.82,9
LBY,Libya,2008,32.53666980601384,53.70808780831359,54.056786157133686,89.38595241487391,75.66371149302388,27.959557808419007,,4.74139501074499,4111300000.0,53.56,10
LBY,Libya,2009,30.217576632106233,50.80115735322599,56.68415302577887,79.74501686097574,94.84055974651868,28.779686612381425,,2.25461670882223,1371000000.0,54.11,7
LBY,Libya,2010,24.7601911773185,57.9810738904826,50.95769721521965,82.00170676957582,85.99684496020984,29.57612280645161,,2.36664960687642,1784000000.0,51.79,10
LBY,Libya,2011,20.441114542575455,31.799647676142428,29.91380239935698,66.09781615721779,75.79466344354223,30.000767276058816,,,,38.59,16
LBY,Libya,2012,26.7347674155508,70.13298487816216,51.04596419437305,82.23860074370896,50.07228588353569,30.21217825663579,,1.53985903839829,1425000000.0,49.45,11
LBY,Libya,2013,21.341973692540023,42.439608316471634,55.91218089642951,71.98447029674648,34.858471400388154,30.501957100702516,,0.931638601844643,702000000.0,41.61,13
LBY,Libya,2014,12.929744528892806,37.82766457436097,38.02579004134652,57.42826627237343,22.48270667430123,30.653225302322262,,,,31.09,17
LBY,Libya,2015,10.228387623499428,50.66698039100572,26.253341574330065,44.48521913223029,70.70873677092587,30.66416035304176,,,,33.89,16
LBY,Libya,2016,10.05065985774773,46.884793992879594,16.77612985282092,40.020047945854216,70.28862697432152,30.613130116350757,,,,30.49,17
LBY,Libya,2017,10.93289662669068,63.83671921228005,20.63955596944619,46.83165735826084,69.96488213059213,30.532939744407766,,,,35.01,16
LBY,Libya,2018,11.781193332231776,57.550794711420075,30.379239700187497,51.85452520643663,70.05672417345681,30.434524287932273,,,,37.23,16
LBY,Libya,2019,11.908964943492307,47.33145172434573,39.507300271686795,55.235143507006725,70.27708730119826,30.29965866239179,,,,38.34,16
LBY,Libya,2020,11.824231038041432,34.48958306224571,22.69573323377012,37.40946271594191,70.5930569022491,22.681573327807484,,,,29.77,17
LBY,Libya,2021,12.437176565495514,66.8306013629497,90.6833746842912,77.73320117648946,70.73653681499742,23.48712206414391,,1.71219284038518,603000000.0,55.72,7
LBY,Libya,2022,11.553129950019969,46.27222283547664,85.90575549873428,57.25886878472717,44.37993061337293,29.432144638644868,,1.62326033379453,702000000.0,45.07,15
LBY,Libya,2023,12.49004853260385,59.386865511376186,87.77311338115871,61.817922781022936,41.07185770727131,29.0348377958364,,1.80500147243983,794700000.0,47.87,12
LBY,Libya,2024,13.72714642207039,53.98878649861083,69.40180071131292,61.817922781022936,73.4779774576758,28.59561325860319,,,,47.61,12
DZA,Algeria,2000,27.732171688086357,53.76587526923487,29.825543934005665,70.41001317612267,53.23397876115438,21.32198202168311,0.1217559888573741,0.511220957154505,280100000.0,39.9,15
DZA,Algeria,2001,31.357251042695687,52.42190973778832,24.82813055870596,67.95850956808756,65.33002590391791,20.95930283948639,0.0676978474554512,1.87349238167778,1113105540.0,40.68,13
DZA,Algeria,2002,34.98233039730501,54.688893300162874,26.06415289838021,67.83015452648868,52.13352849910175,28.39295641679933,0.0425082737909628,1.73118897497205,1064960000.0,40.71,16
DZA,Algeria,2003,35.07590067389257,54.95690639283847,26.77189876430529,68.61742586359456,54.20830520765592,20.20296183138771,0.0345121717367295,0.868036712018978,637853030.0,41.02,14
DZA,Algeria,2004,39.69651331177725,53.870379322571985,28.92530086735134,69.98517787916168,57.06974479063584,19.905892953507987,0.0230683554276428,0.962586875552012,884749030.0,43.05,14
DZA,Algeria,2005,42.62449896719248,55.2126049989433,32.214907913787165,75.21773605001636,62.02835152792107,19.63251668552051,0.0180105802980876,1.07990333031143,1155999999.99994,46.14,12
DZA,Algeria,2006,42.94341745771151,53.473233838806806,31.65978511634012,76.50133654241013,63.27460389013773,30.95294555409841,0.0031057516638694,1.49572335207526,1841000000.00007,46.63,12
DZA,Algeria,2007,43.00795752448349,53.51367639121802,32.637932465317114,74.79163723239598,63.49458892120881,19.32086774001479,0.0007627474544564,1.1838181536619,1686736539.70384,46.19,13
DZA,Algeria,2008,41.80959229751645,53.250496968984805,34.727826023289374,75.86483850891179,62.56875367833195,33.66017389952597,0.0,1.46277344571787,2638607033.75183,46.89,13
DZA,Algeria,2009,39.07945786943493,51.79490265209521,30.681424268372087,68.55928752083823,60.1853731674048,19.29717513012255,0.0,1.82742164668261,2746930734.16533,43.13,14
DZA,Algeria,2010,39.18751166587353,54.920784184189365,30.205282292017746,69.70232772780423,60.65989456160474,19.922295529587235,0.0,1.29390467487817,2300369124.15827,43.77,13
DZA,Algeria,2011,36.73710458128601,53.95759860187555,29.442576658017856,72.21464546192772,56.684512573785895,19.583308957282767,0.0067194116506036,1.17767329101171,2571237024.68517,42.73,12
DZA,Algeria,2012,38.08557601502399,52.64314207086964,28.565071749181097,70.20401941013787,53.03854351707196,19.198759673647057,0.0022585108885389,0.660551953898791,1500402452.86349,41.88,14
DZA,Algeria,2013,40.86138806138594,53.986323312949395,27.6010551059315,68.86098081499476,52.462338203201575,18.768647678680097,0.0032052837183843,0.736559065111634,1691886707.50796,42.25,12
DZA,Algeria,2014,40.19622374588753,55.12995532849035,26.264522794926144,67.64000469177432,50.78646782909018,18.27474788784939,0.0014543320543761,0.628688968391006,1502206170.55838,41.53,11
DZA,Algeria,2015,40.88645586955794,53.54722727723885,24.03308335465411,61.54464344054195,50.713381390475355,18.012306670581417,0.0031595463365267,-0.286832290676438,-537792920.921856,40.0,12
DZA,Algeria,2016,39.85794871883305,53.57022525855283,21.966788160547612,59.85514223414018,49.96515813198897,17.78267060547193,0.043854079305894,0.906300705997455,1638263953.77736,38.93,13
DZA,Algeria,2017,40.591054468652125,52.15867357687347,22.00271960180781,61.974576831880704,53.23021339308398,17.76809053784594,0.0323266653730894,0.647902696344894,1230243450.87888,39.68,13
DZA,Algeria,2018,41.923750802333046,52.38718268738446,23.571992261739258,66.33344586281973,56.49563136732184,17.687900165902942,0.0336426093026359,0.753576088552125,1466116068.03411,41.49,12
DZA,Algeria,2019,37.98269366941151,52.50748819153383,20.01425721155366,64.50255455337503,52.37784290145897,17.54574450654946,0.0336426093026359,0.713947308015691,1381200049.59264,38.94,13
DZA,Algeria,2020,39.5030102516621,48.08891441488135,16.343861142270143,61.04368408897951,50.38391912411754,9.962286832576904,0.0336426093026359,0.693816014772836,1143918159.62918,36.8,12
DZA,Algeria,2021,39.243849610601536,53.216181414422415,20.212394999989872,67.9785006372845,52.98434846876625,10.660307570171582,0.0336426093026359,0.466728479682941,869194073.014935,39.77,13
DZA,Algeria,2022,40.6841021278716,52.9537258627117,22.82431585254497,100.0,55.35460960522241,16.802161057623525,0.0336426093026359,0.107187812155079,241796029.580125,46.29,13
DZA,Algeria,2023,41.640457894878416,53.446141781858955,18.353965379242897,100.0,49.02962279903735,16.277278623087568,0.0336426093026359,0.489819143410423,1214378660.66465,44.79,15
DZA,Algeria,2024,42.96883670920596,54.47474152165973,16.19074564940126,100.0,46.9133469705547,15.646690698263132,0.0336426093026359,0.455370730483787,1226414841.37248,44.5,14
SDN,Sudan,2000,12.147522825368853,53.52429795241642,9.752288481102848,8.649487439082765,27.982190540446737,25.17917643686316,,3.19972610023634,392200000.0,19.76,19
SDN,Sudan,2001,14.30251448202202,54.759614488094904,4.2855400443803795,5.542313787097758,48.98600062866332,32.77280263345181,,3.65224475988548,574000000.0,21.79,19
SDN,Sudan,2002,16.45750613867519,50.002083420598865,7.484995612639859,5.793136091740406,35.96994516895049,32.25156521582235,,3.93215499570306,713180000.0,20.67,19
SDN,Sudan,2003,12.680831153484826,53.650665002079165,7.97381465669363,5.683481331346819,38.627263947979095,31.7412628489124,,6.31782319761386,1349190000.0,20.68,19
SDN,Sudan,2004,17.393854163833783,52.22625724880214,10.369174653294111,8.413803969982625,34.44681562099768,31.216380414376456,,5.67090591014718,1511070000.0,22.03,19
SDN,Sudan,2005,13.6527632674624,52.90020543747934,13.632855359254792,10.502167005706788,34.92088485962149,30.669627878401513,,4.4387993666553,1561689996.89435,22.28,19
SDN,Sudan,2006,18.34280571954366,53.88157158777449,13.83146450420972,10.762984164942583,32.557328442516,30.135632901599298,,4.06910716037147,1841833814.08367,23.34,19
SDN,Sudan,2007,16.758167941922615,51.81612720592991,12.751867545168093,11.890008526368057,30.862747858051097,29.587057857171107,,2.53091571467554,1504379838.38584,22.36,19
SDN,Sudan,2008,15.05701312076822,50.65921827687672,14.154579745903048,14.422411255929816,26.41406932582151,14.477323711946708,,2.54980980762297,1653120315.475,21.35,19
SDN,Sudan,2009,15.796906019113722,46.66561998516292,11.778354538047948,7.894810606346995,25.238084511250193,29.375646876594125,,3.3441756822644,1726298402.95145,19.8,19
SDN,Sudan,2010,14.224208099318972,50.86615380387499,11.74681226608898,13.989022865922427,68.76195152971313,29.46312728235011,,3.50004539535845,2063730997.66213,26.62,19
SDN,Sudan,2011,13.803947522100373,44.932530764323324,8.617106546178935,19.504529376437183,69.52730476464698,29.543317654293112,,3.15234852962884,1734376994.48388,25.97,19
SDN,Sudan,2012,12.486214196156444,31.585664479587432,5.22327428867643,13.088467463294322,69.77698592950547,27.810112115252515,,6.14212434699966,2311460739.75953,21.95,19
SDN,Sudan,2013,12.04677379458487,44.370615676038575,8.224802394844335,15.496909783345451,70.29247261873827,25.93475091685843,,3.92312074519106,1687884178.79722,24.7,19
SDN,Sudan,2014,13.01823352401562,46.189397229871425,4.616611102166895,14.899135148711188,70.58879443526304,23.94639419436288,,2.52698516017578,1251280889.37784,24.29,19
SDN,Sudan,2015,13.83184676606887,48.67397646010383,3.136451163419871,15.343741399844532,37.46134770075389,21.936167370428308,,3.34135261447755,1728373403.43067,20.23,19
SDN,Sudan,2016,13.329838331085602,49.45119301830445,1.278416265177698,16.93595562386904,37.72502095001513,19.935053088759993,,2.49532759301928,1063767535.33587,20.03,19
SDN,Sudan,2017,14.9446216240627,44.35992532269761,2.8083084349803262,18.50809330688419,36.43792574590938,17.92118124791892,,2.58043876395005,1065298481.41867,20.04,19
SDN,Sudan,2018,14.025802895410669,35.21028197452792,5.230321087611984,23.088519454270152,43.24128230305385,15.9966123212871,,3.51269523880448,1135787164.04941,20.57,19
SDN,Sudan,2019,15.56736526589858,38.22451632834312,7.781442519154769,26.421236961385507,44.25480414755728,14.210554037102256,,2.55226968828806,825354992.310273,22.53,19
SDN,Sudan,2020,18.63596095887802,15.930004135794782,0.0,28.745760794703365,48.67963814265855,11.928773453633475,,2.65193447042229,716939710.59488,19.28,19
SDN,Sudan,2021,18.07881461806362,17.186230534397726,0.0,33.015372145560235,45.35550728887236,10.529086961537605,,1.52754029838982,522869616.855921,19.52,19
SDN,Sudan,2022,14.207237483857526,20.06052739433231,0.0,47.57087904259866,73.21974664829226,9.016404945340245,,1.11000421594226,573504494.776,24.85,19
SDN,Sudan,2023,10.080375789690525,0.1711055277759532,0.0,51.56005128935745,72.03032398328047,9.016404945340245,,1.37399372870934,548200000.0,21.47,19
SDN,Sudan,2024,7.633560858415109,13.552123534421522,0.0,51.56005128935745,72.34890297736236,9.016404945340245,,,,22.81,19
IRQ,Iraq,2000,8.270544262879037,61.71235751490433,67.31397042724781,86.91417931480183,78.22489938283319,31.47644189490031,,-6.61645727484025e-05,-32000.0,51.63,8
IRQ,Iraq,2001,7.834611281480343,48.74966328513714,68.18020071772217,87.55218746772046,100.0,17.250498137122978,,-0.0183987197639496,-6656000.0,52.25,7
IRQ,Iraq,2002,7.398678300081649,41.23256304162475,63.96911005986943,85.61438278017442,78.50264103478743,17.152082680647496,,-0.0009900252023457,-326000.0,47.07,9
IRQ,Iraq,2003,10.367607495275884,25.158868325874533,84.65341057847968,90.76035622810922,68.38260132487746,17.051844715718754,,4.56171717525217,1000000000.0,49.48,9
IRQ,Iraq,2004,11.395955946985104,60.14517222119472,64.25227882828587,98.07664909531272,28.035409955169456,16.951606750790017,,0.818918786960291,300000000.0,46.26,11
IRQ,Iraq,2005,11.3443036299268,44.33259885203554,61.5573106847894,98.14788431400484,26.774581280690608,16.85319129431452,,1.02925980764254,515300000.0,43.25,13
IRQ,Iraq,2006,11.294427600810474,43.69870783655214,45.90148230724189,98.29035475138907,27.333499770503035,16.752953329385782,,0.587900739517653,383000000.0,39.86,18
IRQ,Iraq,2007,13.27052223964081,54.0475117287176,36.56651489460142,91.3361732982662,26.91515752448584,16.654537872910286,,1.09391286623188,971800000.0,38.64,17
IRQ,Iraq,2008,18.85520495082492,55.20784453126026,40.74429340029219,93.17437756172664,29.26843011245373,16.388451638735805,,1.40995173662765,1855700000.0,41.68,15
IRQ,Iraq,2009,21.712521763608773,52.82815384117367,39.32333881259652,80.34273154018541,29.211294536369493,16.12418791301459,,1.43142990859109,1598300000.0,39.68,15
IRQ,Iraq,2010,22.27761687348064,56.06067088006415,36.20927674497747,83.80988218777655,29.006502197033825,15.85992418729336,,1.00796493975113,1396200000.0,40.12,15
IRQ,Iraq,2011,24.45977525012113,56.727975434915464,35.41355459262073,89.64275844796066,33.331242349629534,15.59383795311888,,1.12086339764167,2082000000.0,42.06,13
IRQ,Iraq,2012,24.040335116723995,61.308416533718194,36.2760023534672,89.49103545994498,34.33492927664627,34.003637647007146,,1.55961531280073,3400000000.0,43.58,12
IRQ,Iraq,2013,23.34706760365485,57.98661024840009,32.55665627619185,85.85058946542804,27.828281913684975,17.095584918596753,,-0.995279210263068,-2335300000.0,40.09,14
IRQ,Iraq,2014,22.163186548223635,54.08592616997811,33.500174475073585,87.01589514415176,27.659683882428663,41.38973404478087,,-4.45521124532956,-10176400000.0,40.5,14
IRQ,Iraq,2015,21.36093900798164,59.88561770457277,33.865757906803786,79.65720311645335,19.952979512549735,19.071184081919565,,-4.54159235443502,-7574200000.0,38.22,14
IRQ,Iraq,2016,21.07789479843652,65.1958217340158,24.86333458667156,76.43362391491236,25.98177248439842,42.82563330532978,,-3.75180911604806,-6255900000.0,38.1,14
IRQ,Iraq,2017,20.70932871538601,55.792998083308255,27.97901252081607,81.37459054420287,25.389779625797328,44.26059137891476,,-2.68799428357231,-5032400000.0,38.1,14
IRQ,Iraq,2018,21.421507451174808,60.415832584626735,31.59168231768337,86.94769613035467,29.011771394554717,15.797958899882866,,-2.14854834807913,-4885100000.0,40.03,14
IRQ,Iraq,2019,21.823449242265298,56.60587064190449,33.504645589052515,82.57641207131067,27.028201848982462,14.482107796636484,,-1.31640616709339,-3075600000.0,39.0,12
IRQ,Iraq,2020,20.07684908449396,43.904362344393064,26.755806785429016,71.9930088697703,27.787748433562367,14.090268479187776,,-1.58049696252586,-2859100000.0,33.69,14
IRQ,Iraq,2021,20.867124633456047,52.18691962305934,29.012466742211764,84.8514299087606,30.559985791710876,40.507143535556914,,-1.25770209772783,-2637300000.0,38.94,14
IRQ,Iraq,2022,20.315642488343514,57.48217526657859,33.36595353535917,100.0,32.01906469112841,16.22442587794333,,-0.726653366772653,-2088200000.0,42.21,16
IRQ,Iraq,2023,18.77642722029015,52.31813839707046,33.787486146981074,100.0,30.09203026566073,16.4978021459308,,-1.99474822313262,-5363500000.0,40.94,16
IRQ,Iraq,2024,24.13396914286429,52.8751157758846,34.535969207726694,100.0,31.209977559334003,16.36658153729681,,-2.73525447039729,-7648900000.0,42.65,15
JOR,Jordan,2000,64.30016844333888,43.40189589884691,58.30900142577071,49.410297999214315,55.002041833810885,12.43725331209017,63.75070130588691,10.7940053678297,913258110.014104,54.5,7
JOR,Jordan,2001,60.549087155207296,44.48561352967366,57.68292117417041,49.41367242180676,51.96402168684166,11.34374824014027,63.75070130588691,3.04850514227071,273628171.251893,53.15,6
JOR,Jordan,2002,56.79800586707571,46.1995207439951,60.5350609602172,49.74193863552104,54.14822980633432,10.61474485884034,63.75070130588691,2.48601734100151,238222874.679327,53.4,6
JOR,Jordan,2003,63.01998784800162,44.46124958901558,61.535886808856496,49.39412781094137,54.78752157830068,44.9871851852118,63.75070130588691,5.36472671434697,546967559.943582,56.2,6
JOR,Jordan,2004,62.74535239241049,46.45772725767941,72.88519944914754,49.53144791147486,57.57973731143997,9.610542701099677,63.75070130588691,8.2092227069918,936812411.847672,57.95,6
JOR,Jordan,2005,63.107369882833154,48.53370551620532,80.25785719374853,49.38446852504313,59.22541144422025,47.19996288995079,63.75070130588691,15.7636461414358,1984485190.40902,61.5,5
JOR,Jordan,2006,61.23083062801192,49.96346239654268,77.16082964700485,50.37241934713698,55.58152257127548,9.338988941565464,63.75070130588691,23.5372913427131,3544005641.74894,58.86,5
JOR,Jordan,2007,64.54597838491414,50.96784181689126,79.70904860206771,49.75821268936126,54.84800956591956,49.768567186327914,63.75070130588691,15.3248262609959,2622144778.84371,61.67,5
JOR,Jordan,2008,65.67990576353712,52.91477165114117,76.66013642099023,54.533565340609854,53.166418362060064,12.619504157415156,42.30695972192663,12.4753075049094,2826744496.33301,59.29,6
JOR,Jordan,2009,62.9230575111875,53.21213236501567,59.40290062889526,52.67247815707955,53.118302860276685,13.713009229365058,34.63628383129818,9.83417874476547,2413098591.54929,54.14,6
JOR,Jordan,2010,60.78781253173912,50.85921636062516,60.645357227773566,51.33538566592912,53.52758177074887,49.888284833715645,30.373457007291226,6.22247566973912,1688394366.19718,54.43,7
JOR,Jordan,2011,61.81552922184511,51.09261781998322,63.33166402720345,52.37545359267551,51.852141985965226,53.195060728425446,24.581515055515148,5.03335872688489,1486056338.02816,54.97,8
JOR,Jordan,2012,62.088516619394824,49.71121857167049,62.825189005812966,51.97596148910813,53.00524598558587,54.518784817893184,22.758431178732884,4.89480688682321,1548450704.22535,54.74,7
JOR,Jordan,2013,60.86435149659874,47.70152919667205,58.98260197510099,50.81133503082015,54.44693195643881,8.24548386961556,19.96147968812589,5.64977168714588,1946597204.04209,51.43,8
JOR,Jordan,2014,62.01808156695341,47.37886667660533,58.074932777831165,50.81544457494125,54.95142376377101,6.969727952340672,18.511926763414888,5.91204890205889,2178450704.22535,51.39,9
JOR,Jordan,2015,63.75946774682822,47.21005820458963,49.32605249620904,51.0505860954718,56.305632158880975,9.264266094982212,17.605752198342337,4.14720229174937,1600281690.14084,50.15,7
JOR,Jordan,2016,63.81226450841322,48.11772667545582,45.34357917433132,50.90201261756431,58.0578954202336,11.589786881329006,16.440679071611637,3.89285142868971,1552957746.47887,49.64,7
JOR,Jordan,2017,63.96639848193919,47.38926406174473,45.95013261116283,50.696057451220646,59.20724968027306,13.942645294474534,15.37323655518564,4.87814133167977,2029718309.85915,49.83,8
JOR,Jordan,2018,62.07932953807142,52.5278269096112,44.69267193616534,50.50454933208217,63.5039505381396,52.82758033440109,13.991025245828984,2.20177686575576,954929577.464788,51.69,8
JOR,Jordan,2019,62.2867868270198,46.4777953226536,43.52377691982262,49.96208607558596,62.02992040375987,12.149296976476696,12.611866351144055,1.63970565115643,729718309.859154,48.76,10
JOR,Jordan,2020,62.70051638960203,45.88680281724158,31.74658263678838,49.96916012092876,62.29142080780256,13.434165436017835,11.113175354653368,1.73975978294192,760281690.140845,46.21,10
JOR,Jordan,2021,61.07286608748881,42.44740150947151,40.31067234262116,49.99000797545863,61.46125844499304,11.1068221412178,12.5955355110127,1.34316062049226,621830985.915492,47.08,11
JOR,Jordan,2022,61.5515888951117,41.026088297826846,54.56878714220844,100.0,61.223791879321176,10.897233669094064,13.914751947928206,1.97382535440765,962535211.267605,58.1,10
JOR,Jordan,2023,64.13604029326716,41.05272422329102,52.32014423857504,100.0,62.219697625364326,53.039134616035334,12.477101136195332,3.92718313792336,2006338028.16901,59.84,8
JOR,Jordan,2024,64.36390249035138,53.73818635501012,51.91907584596511,100.0,58.56415335948404,52.47204891349528,12.453175934692531,3.06387579665258,1634647887.32394,61.12,7
LBN,Lebanon,2000,51.31070682423738,31.023661624480773,22.17941440828866,49.50158337084095,45.04478118533317,21.179826362329628,2.3884878207357394,5.75581691967717,993475000.0,36.58,18
LBN,Lebanon,2001,50.069981441261675,33.59577370229128,25.44445035746408,49.50152585453806,40.5482797366972,21.125151108732133,1.841531648085621,8.23754952644041,1453907000.0,36.73,17
LBN,Lebanon,2002,48.82925605828598,33.33713035053988,22.73577828176965,49.50139549278768,48.60822250668281,21.075943380494383,1.8330400471932236,6.97552914588529,1335970000.0,36.84,17
LBN,Lebanon,2003,48.06791078855501,33.224026449466244,24.564831139275263,49.430344875629345,47.99923363208751,21.034025686069633,1.8687371973778328,14.2410590326381,2860020313.18819,36.94,17
LBN,Lebanon,2004,50.61716835188779,36.85766204259132,46.694879831340415,49.9288742979055,46.582688339550685,20.85724236610441,2.7684082868210167,8.97351609461343,1898780570.45821,42.83,15
LBN,Lebanon,2005,50.74925524361458,32.76778200842974,47.76883764233279,49.43016293064205,44.87594062796729,20.47998311628169,5.960431267602905,12.2038495910608,2623502612.40255,42.41,16
LBN,Lebanon,2006,46.92040561494293,31.62362710074857,46.7528421139901,49.57283213036859,40.006942447205354,20.102723866458973,9.862703373310854,12.1444381288428,2674534372.19901,40.72,15
LBN,Lebanon,2007,43.33338660267802,39.86613260143341,50.89199156457694,48.43287139817251,36.99830326633619,50.14024226755554,11.546627636629305,13.5978268963012,3375980757.8597,42.56,14
LBN,Lebanon,2008,45.83168984437708,40.08868149275424,56.08697512999835,49.929226930678375,41.36208828843652,20.55470596286493,8.775840047762474,14.8805177180667,4333045470.38383,43.86,14
LBN,Lebanon,2009,45.62730385307052,60.08923776620225,46.34989135582096,49.501825973082845,45.875414383301965,52.73093700531486,9.680898412058692,13.5696589141535,4803602660.45614,46.32,11
LBN,Lebanon,2010,46.42291265633864,58.15349282292872,49.16929075609679,49.64427335186436,43.24165829301855,22.213188655322284,8.806943008533972,11.1327936305686,4279880834.52716,45.35,12
LBN,Lebanon,2011,46.21816943158427,53.16776045761815,53.39539474942707,49.7867872549835,42.980899009059506,23.044252510004203,6.036578917446953,7.85693989450406,3137050288.4,45.33,11
LBN,Lebanon,2012,44.79960528301441,54.2039246437993,45.23844545353506,49.64429258721387,40.8140517342097,23.877138873139376,5.493192864155914,7.06847166156729,3111315000.1,43.06,13
LBN,Lebanon,2013,43.60240586246103,55.35259536769021,43.81568546474568,49.715247477036485,38.89044286069399,24.7118477447278,6.06256441005964,5.67636791033718,2661087127.6,42.45,11
LBN,Lebanon,2014,41.83050733876684,54.84837154226417,40.00123215402651,49.78707506953084,39.02222389525269,25.548379124769475,6.275555694789203,5.95175528625723,2862509426.6,41.19,12
LBN,Lebanon,2015,41.92914440676046,54.74294216444783,35.214175393256454,49.7870706754676,41.31316229932501,26.384910504811145,6.072642681954694,4.32469174487594,2159289951.7,40.48,11
LBN,Lebanon,2016,41.05917627450592,54.99195032069306,32.7448233099173,49.85757151764082,39.45980479695502,27.223264393306067,6.314995135413605,5.02174040562454,2568485071.1,39.58,12
LBN,Lebanon,2017,41.62323180814645,53.64165625815397,33.183927471189854,49.929306285358976,40.123040767109494,28.061618281800992,5.7726465763395804,4.756779140202,2522409653.4,39.71,12
LBN,Lebanon,2018,39.995293392413096,51.58098307678224,33.06504961999007,49.78629434392363,43.538047128767865,58.16328606269116,4.6909972221558665,4.84140308956364,2658003844.61444,40.44,13
LBN,Lebanon,2019,37.48741110124329,48.708161251198646,29.899090252765355,50.0,42.449758256028026,57.84209776514909,3.9876171709448816,3.69413245000342,1906392482.4039,38.56,14
LBN,Lebanon,2020,34.25292483780413,19.65108494874485,22.18811976792386,50.00073534214427,51.37978047132949,27.10480134384483,5.629716700876916,5.06712986613403,1606894721.93483,32.08,15
LBN,Lebanon,2021,32.16515364593831,15.008415923702335,39.40808709783505,50.00115798435029,51.04378862738414,23.587360029072656,12.199421170403742,2.5929006838647,599788270.817044,34.9,17
LBN,Lebanon,2022,31.473024013305235,19.209190708852603,61.044733287432386,100.0,51.54922154119237,19.727287125089504,12.199421170403742,2.50966160641735,526838753.906365,47.9,12
LBN,Lebanon,2023,31.051118747196423,19.044004404602173,54.635360140066126,100.0,51.40925692686994,19.771027327967506,12.199421170403742,3.26435467389127,655437382.076387,46.36,13
LBN,Lebanon,2024,29.983791700038054,67.51070002865214,54.635360140066126,100.0,47.36039304539378,19.771027327967506,12.199421170403742,,1842524610.0,52.5,11
SYR,Syria,2000,30.75603306392962,52.291396534806125,31.281586725132293,50.477949244471965,52.53146622093788,33.377875439930754,,1.42577626259779,270000000.0,38.99,16
SYR,Syria,2001,33.048911140692866,51.07304570877238,32.53152374136838,49.27682261542355,48.23748693229294,31.67565254459542,,0.543558163793316,110000000.0,38.84,16
SYR,Syria,2002,35.3417892174561,53.73913386244072,35.097329822984754,44.85643843187435,57.007094764516005,47.71695185165508,,0.556379172450294,115000000.0,41.37,13
SYR,Syria,2003,32.124078037844775,54.68159237025365,29.038701111910704,49.38859892568706,52.77673230276281,28.274851770831223,,0.732998623113997,160000000.0,38.86,16
SYR,Syria,2004,31.528804429769703,54.831718773253066,38.97985515976047,48.39572937159499,51.64620227164229,43.870916695774305,,1.09618743838262,275000000.0,41.15,16
SYR,Syria,2005,31.71165331251619,53.81641106979588,40.19074714851064,48.740233802648,52.68976270534304,25.502816413438232,,1.73256383601582,500000000.0,40.83,17
SYR,Syria,2006,30.16651961384628,52.48534940907985,36.6339416367177,53.98216714662178,54.14687411652915,24.11953249742161,,1.95248910452015,659000000.0,40.46,16
SYR,Syria,2007,30.142819353649163,54.33412132072679,37.93846913155228,47.80100776680847,53.59026519955061,21.276419310351866,,3.06919397837023,1241959115.11048,39.84,16
SYR,Syria,2008,32.77106482223173,51.13284627235973,36.64758228097568,48.32582164909285,55.496168297334954,20.080853765019977,,2.7885874585822,1465623386.27635,40.04,16
SYR,Syria,2009,34.289345362186275,54.92013670263174,28.07676407588573,46.30697461296727,55.84228394312621,18.88893323659458,,4.74859703108017,2569548271.53071,38.78,16
SYR,Syria,2010,31.917409840976017,54.213570430279816,30.516663767011625,48.09537757948532,51.03848553919915,18.45153120781463,,2.3931861526359,1469196863.48146,38.27,16
SYR,Syria,2011,25.0352776224556,52.62503718203576,22.5279071742682,60.271713437543,71.3826559455967,19.727287125089504,,1.19065657189387,804162640.0,39.23,14
SYR,Syria,2012,15.678086820945149,25.312152798724924,13.331102841961147,55.59643908889686,68.54212350434238,12.072751621440212,,,,29.63,17
SYR,Syria,2013,12.021969336602922,24.250319747574625,18.933261976021207,51.55922126881959,68.44890831983237,9.484789617825449,,,,29.03,18
SYR,Syria,2014,10.572479727652,41.53989269824472,24.668988337971246,47.62364642965971,69.47564750886932,9.391841686709702,,,,31.89,16
SYR,Syria,2015,9.535427633781088,39.6429829197514,22.76198447227273,45.77398750223089,68.69419364275392,9.348101483831703,,,,30.55,17
SYR,Syria,2016,5.549304464852412,36.03292203143763,32.37780011174111,45.27761240123456,67.3049766454278,9.368149076817458,,,,30.87,16
SYR,Syria,2017,6.403120648837212,46.44613795357816,28.741006375516832,45.08923023006832,68.63091549988097,9.415534296601946,,,,31.93,17
SYR,Syria,2018,7.161522397524235,51.72248152011201,22.50570916200143,42.71368686713745,68.82096105380963,9.488434634731938,,,,31.17,17
SYR,Syria,2019,5.758488441129049,48.89111872628675,17.309727888883806,45.329304703236694,68.56621650021553,9.586850091207433,,,,29.68,18
SYR,Syria,2020,6.4116757873521175,26.895720463095863,19.001112957812747,47.27698460948122,69.44070187595706,6.07852131870151,,,,27.36,18
SYR,Syria,2021,5.321348698917509,29.56364112286934,28.84279013516667,84.0433110129648,69.25660453466288,49.10345647716083,,,,37.02,16
SYR,Syria,2022,3.8838156352385766,28.64670588210406,13.475575176453647,84.3282518877333,68.69389432455021,8.659193288503268,,,,31.69,17
SYR,Syria,2023,3.8039408194965887,28.64670588210406,13.475575176453647,83.47342926342785,68.69694344135338,8.30380414011955,,,,31.52,18
SYR,Syria,2024,4.109192273186342,28.64670588210406,13.475575176453647,83.47342926342785,69.31357947041,8.043185431304822,,,,31.67,18
YEM,Yemen,2000,27.77397321858058,53.963800006001385,37.37413799732729,47.02783175494328,37.70682969573517,23.004157324032708,,0.066115307019514,6399510.0,36.96,17
YEM,Yemen,2001,25.31538866706631,50.7446444381497,34.646166245609386,41.32120696681942,38.56086830219169,21.626340933375833,,1.57455746010621,155141000.0,34.45,18
YEM,Yemen,2002,22.85680411555204,50.7642461798249,36.949091603480625,40.3581462124592,29.71996250839401,20.317779863942445,,1.06889926368752,114302000.0,33.0,18
YEM,Yemen,2003,24.973311424468307,50.95652894832303,36.74037983153373,42.05796979546935,32.48956808610661,19.085764149545568,,-0.756584613746177,-89107000.0,34.09,18
YEM,Yemen,2004,27.79713399524903,50.77512560381596,35.218754396738504,41.494573769438965,38.891207143976146,17.946696366264423,,1.03534601615477,143578000.0,35.13,18
YEM,Yemen,2005,30.257517154936888,52.076495295707645,38.1748377305713,50.82394535665868,37.60683081598348,16.929736649351014,,-1.80531053584597,-302056736.757507,37.85,18
YEM,Yemen,2006,36.06338013857944,50.663652068477006,41.35668913393463,51.00129818390979,41.009608244815745,16.01119238891309,,5.88029989730047,1120970000.0,40.2,17
YEM,Yemen,2007,35.05317321239356,51.45091851878425,39.58497416996013,45.98710548031701,37.062384810900234,15.160080941245422,,4.23684804102557,917300000.0,38.34,18
YEM,Yemen,2008,32.01574190823767,49.32226157628664,40.85780321749537,47.53532309222789,33.99101335405965,14.381869831707744,,5.7769623200871,1554630000.0,37.38,18
YEM,Yemen,2009,29.723392677121428,52.38684927597652,32.95349545605639,38.06726626813811,30.722559187232736,13.671091534940308,,0.51412085018398,129200000.0,33.58,18
YEM,Yemen,2010,26.753131446656443,53.82335510513891,30.74195588397722,40.96539643146531,30.03973270696512,13.018633508676873,,0.610357927076417,188641795.777668,32.93,18
YEM,Yemen,2011,22.559921889004457,38.070811659605006,29.94621727421201,43.73842134103785,26.432589290231633,11.569739288343252,,-1.58233916831705,-517842928.476896,29.39,18
YEM,Yemen,2012,21.6369989043346,50.51512638676951,28.92748472040341,31.209622300501277,26.835445755191927,10.273935778082624,,-0.0402221829314871,-14239188.3601923,28.72,18
YEM,Yemen,2013,22.32319682285386,51.99216375007334,23.617420324751805,43.51750124633095,27.662788135834372,9.091127791923482,,-0.330496410064222,-133570895.625639,29.98,17
YEM,Yemen,2014,17.92746629718599,49.21379425408779,21.056016950620684,34.646433582217995,31.77812415464317,8.012202787599582,,-0.539237328374498,-233104668.580815,27.02,18
YEM,Yemen,2015,14.333768259644764,0.5084914739570804,10.330366005023912,28.433471916360418,67.92654005178757,0.0,,-0.0363882528160336,-15444808.3545508,20.25,18
YEM,Yemen,2016,9.658829662837684,18.247415560918274,10.758713985731845,28.45943284426911,66.90787986946457,0.0,,-1.79131212045889,-561000000.0,21.59,18
YEM,Yemen,2017,8.685045008538621,22.55732728910459,17.892010932745222,36.78713423808392,66.66666666666667,0.0,,-1.00531889341895,-269850000.0,24.81,18
YEM,Yemen,2018,5.446890970483184,28.417324926903454,25.757071277787208,26.843254725464647,66.66666666666667,0.0660659314303111,,-1.30563839823089,-282098330.0,24.96,18
YEM,Yemen,2019,5.547062395187467,28.417324926903454,25.757071277787208,61.24804103148597,67.11347761470896,0.2792994204605367,,,-370982780.0,30.54,17
YEM,Yemen,2020,5.067509981937339,28.417324926903454,25.757071277787208,62.81521584271265,66.76787034192044,0.0,,,,30.61,16
YEM,Yemen,2021,4.617119690099613,28.417324926903454,25.757071277787208,64.23992021655506,66.66797756989926,0.0,,,,30.71,18
YEM,Yemen,2022,5.387118460115432,28.417324926903454,25.757071277787208,65.80709502778174,67.15553880125013,0.8187619226224861,,,,31.25,18
YEM,Yemen,2023,5.877679445644831,28.417324926903454,25.757071277787208,76.63484826898419,67.03208022628176,0.966385107335728,,,,33.08,17
YEM,Yemen,2024,5.02125230324233,28.417324926903454,25.757071277787208,76.63484826898419,66.66666666666667,1.110363275142466,,,,32.83,17
ISR,Israel,2000,88.12529299760483,64.81739581337901,33.1187827741297,50.00056040460226,44.73816249590391,52.44678138628376,13.04520018273011,5.89507316780042,8047500000.0,54.8,6
ISR,Israel,2001,87.96441278549403,58.8322330175046,29.39427163352383,50.0,38.9948583445435,52.41215372567202,11.392980378507156,1.31205425123863,1771300000.0,52.24,8
ISR,Israel,2002,87.80353257338324,56.77896301162925,31.39326269592615,50.0,38.34394027562429,51.00517719976314,8.963922037324943,1.26264306760422,1582500000.0,52.04,7
ISR,Israel,2003,87.48660071188989,59.19575458919791,32.239682978441635,50.0,40.997338398781686,51.582912379443336,14.249083633414877,2.52798678419127,3322000000.0,53.21,7
ISR,Israel,2004,86.0517191781236,61.99433900857539,37.094743534709686,50.027420364857576,44.39937284479046,52.47594152153575,17.506378342410482,2.10420736029139,2946900000.0,55.01,7
ISR,Israel,2005,86.36433567896422,61.71897562314157,39.10545977312021,50.04677293996726,44.40972038198944,53.259620156433186,22.18282205715045,3.26627070729098,4818400000.0,55.83,7
ISR,Israel,2006,85.59232191669933,62.88636632479184,39.17207895174772,50.0838079542424,45.69485017188882,54.03054123215787,27.176120842246988,9.05944013221796,14395500000.0,56.36,7
ISR,Israel,2007,85.14926875269437,64.9969084496495,39.413178836494595,50.10209412752331,47.5383110897369,55.03292088144527,33.98775658765088,4.76393877718242,8798100000.0,57.34,7
ISR,Israel,2008,85.94512899774088,63.80522165618141,37.33938682969723,50.308850331408294,48.56607932630124,55.10399871112202,12.990003649616744,4.64409119960907,10274200000.0,55.67,8
ISR,Israel,2009,84.18625542092337,62.0017487408767,29.115898603937566,50.24735266170579,45.88112537865381,55.218816743676754,23.611564481607335,2.15877755898524,4606900000.0,53.56,8
ISR,Israel,2010,86.43723191652896,66.24755503267174,31.4904511931968,50.138501906711646,48.82100622013356,55.91683748127144,25.355175794158225,2.91418894955553,6984700000.0,55.75,6
ISR,Israel,2011,87.42493645497139,67.29351299633642,33.45634334587776,50.22406381636563,49.22124865811267,55.51406311310323,15.622616776123644,3.22758725723671,8653000000.0,55.96,6
ISR,Israel,2012,86.76706603089298,65.11266639844071,34.08972061109319,50.21558336627393,51.387263294381135,59.56732191313087,16.388339324312344,3.42096752579402,9017300000.0,56.1,6
ISR,Israel,2013,86.18428681838793,67.72864812891764,30.590998553099443,50.20964982547318,50.59500078494381,59.29576815359664,18.180601760876975,3.96752765564861,11842200000.0,55.58,6
ISR,Israel,2014,87.40335424487546,68.28272510575803,29.138523185505832,50.19198060835491,52.90774348495369,60.22342495630081,16.989702201229775,1.9201815482971,6048900000.0,55.9,6
ISR,Israel,2015,89.31023367089121,66.62047253106509,27.449227386014936,50.17999078498737,54.22246953194806,60.095849364573304,21.45591684428193,3.73553271836246,11336200000.0,56.23,6
ISR,Israel,2016,92.7661540725748,68.70075845614423,26.78983729859869,50.1471557489043,57.425324088590365,60.25076258309955,17.74084927277849,3.72366398162517,11988000000.0,57.41,5
ISR,Israel,2017,90.59086261525762,69.8331172118406,25.87845097402,50.139964732036745,54.848122386172264,59.98832136583157,17.20401166457108,4.71262751632939,16892500000.0,56.45,6
ISR,Israel,2018,90.07204516422684,69.96534079346537,27.356693138401543,50.19410738030114,57.20071124511765,59.88079336708984,13.29285798394366,5.71739368118438,21514500000.0,56.71,6
ISR,Israel,2019,90.45334784806784,70.51397736570733,25.905592675228316,50.151083555689155,56.016501999251,59.08617968147289,15.81198316713776,4.33363467004394,17362500000.0,56.55,6
ISR,Israel,2020,87.42607344765169,67.0324797930184,22.85226760672466,50.217493963417525,54.04017908932904,56.18839124080567,17.027830207928904,5.1047506129271,20968700000.0,54.37,6
ISR,Israel,2021,89.70060543552404,77.44050874550688,25.05136039330558,50.353053850488955,52.56217165233877,56.02983300537293,19.73327768117444,3.86849852798664,18949900000.0,56.9,6
ISR,Israel,2022,87.74127698946153,75.73426819305998,28.497397090106126,100.0,53.97744945851857,58.61597250053444,13.699851429495466,4.35725962102686,22883500000.0,64.7,6
ISR,Israel,2023,84.56069980358492,71.57214187326251,26.904615232652063,100.0,48.116106587433215,59.19370768021466,13.779553267984587,3.15712318737314,16170300000.0,62.24,6
ISR,Israel,2024,82.71955363458139,72.03614411848258,24.781539432746232,100.0,37.43389373938245,59.993788891191315,16.342091553974168,2.73472411141711,14777900000.0,60.22,8
IRN,Iran,2000,39.535605936159946,52.03375962251263,16.86437616697135,75.04170830868776,58.86412399230144,21.06318582132164,6.488355121746602,0.0355866340456932,39000000.0,41.66,13
IRN,Iran,2001,38.28176149643855,50.46521715188741,16.431350535450058,67.9437415337701,60.60588106538013,21.4167524612521,1.5369391083462771,0.321660450664957,408118760.0,39.8,14
IRN,Iran,2002,37.02791705671714,53.68556949783854,21.013802913235335,67.01722011483382,60.08147482278499,37.04586629948696,2.4254551350111235,2.73611498145264,3519380360.0,41.36,14
IRN,Iran,2003,35.276381232053886,53.73032143628754,22.517713630921925,68.11427274466962,58.58237338555784,22.568577803706003,4.826979298805305,1.89418626211609,2877481500.0,40.87,15
IRN,Iran,2004,35.50743994035862,51.34844795824837,22.898579549980106,70.64351074072343,56.79489854870087,23.565489927633653,6.04467075471216,1.61769687939769,3037299840.0,40.96,17
IRN,Iran,2005,33.76073884898522,51.03769546132593,24.77463614102801,76.52106743675166,56.33251921149341,44.565275355793744,4.310272312509323,1.28425430112768,2889191670.0,42.42,15
IRN,Iran,2006,33.39501594632048,53.21203380830545,24.010724149129356,76.75917193512494,54.16894309603359,43.68903703153249,3.635592402847681,0.872560020177082,2317538500.0,42.16,14
IRN,Iran,2007,32.476359395278486,54.197002467601074,22.042615622645545,72.4832393439306,56.903609273678775,21.61176086574983,3.335147298947623,0.5769461352122,2017791750.0,40.49,15
IRN,Iran,2008,29.91859528083275,47.31539157321054,21.0478339857145,76.03624049286282,56.51818839361747,41.64278038283521,3.1876910876180977,0.487596567096289,1979988010.0,39.9,17
IRN,Iran,2009,26.281993661081405,50.43078156626441,18.329833493770163,66.09909827498569,49.30201396305932,42.630769069827274,3.801495805668905,0.720530462050838,2983421910.0,36.42,17
IRN,Iran,2010,25.412155236182254,54.80509229121406,18.3724732794519,68.07683146726352,49.33268518096191,42.45697981078784,4.7352237727084106,0.74916862626536,3648972410.0,37.21,17
IRN,Iran,2011,29.575179461286297,49.812919239439545,16.841675670466525,69.97557288471944,52.09945708387878,40.763591192582645,4.530789864798847,0.679834574763516,4276718690.0,37.78,17
IRN,Iran,2012,29.783048239797235,45.27265342770144,18.563702571103597,66.58430890593738,51.9603281084324,41.93689839472373,3.757639189912291,0.723850091355471,4661734400.0,36.99,16
IRN,Iran,2013,28.68867045582502,44.00293781690249,20.362196090854138,69.86887186628476,54.28501005813805,42.49684916975783,18.4444123172345,0.609501593960532,3049945000.0,38.77,15
IRN,Iran,2014,33.1716104071308,52.58344107030078,19.320976448612143,69.9423864458029,59.17307182953127,42.34886234404411,6.723680358495433,0.45545387401938,2105494000.0,40.72,13
IRN,Iran,2015,36.79093256997438,48.81799495028802,15.763537563853015,62.216764797482355,56.54939075099876,43.95152841406925,5.8216830441488305,0.500987695412685,2050000000.0,38.74,13
IRN,Iran,2016,38.22576242686039,57.25384362330441,16.036340167138025,60.53655487048437,57.07138379319122,45.35505690659392,5.6211122022889395,0.70452835935243,3372000000.0,40.19,11
IRN,Iran,2017,38.09645577417162,53.242606197521866,18.003488399458913,63.940461079752325,56.4381342359358,46.786966923381115,5.550291888221072,0.983654956177998,5019000000.0,40.52,11
IRN,Iran,2018,33.33036822082345,45.95939116288661,26.079600106000477,77.46611873586326,55.60446245615657,47.963764817873454,11.03927945948752,0.576106085876311,2373000000.0,42.51,11
IRN,Iran,2019,29.934076543641023,41.823779006366934,21.26526360600633,72.30077723952789,53.73194664239448,48.20575857646936,29.823255342054455,0.433347777066285,1508000000.0,40.26,11
IRN,Iran,2020,27.68346451895702,48.18200553068888,18.44077021917328,68.64152313857252,53.93967121631937,46.36303499059541,100.0,0.47769170946132,1342000000.0,44.14,11
IRN,Iran,2021,27.50686171029615,45.74068883437175,17.713488825763932,74.42453019915459,54.352430139131265,46.69589575420593,98.90487617097754,0.34982143161472,1425000000.0,44.5,12
IRN,Iran,2022,26.65240361920607,45.916773627639365,21.461219082646284,100.0,54.8249751935362,46.41328450094348,100.0,0.354893288694741,1500000000.0,49.33,11
IRN,Iran,2023,24.79822179717112,46.478694342092375,21.74634986769005,100.0,52.962412627538896,47.64583096974782,100.0,0.310885408088419,1422333330.0,48.81,11
IRN,Iran,2024,23.30034277274947,48.03609387801877,23.34756123056286,100.0,51.28860668013724,15.838054085854358,9.628624116161877,0.304914200880697,1449111110.0,41.49,16
